1,齐齐张,qiqizhang,a,1/1434297069537/齐齐张.png
2, finemy,finemy,b,2/1434297069537/finemy.png
3,Marcelo ,Marcelo,a,3/1434297069537/Marcelo.png
4,吃者先闻,chizhexianwen,b,4/1434297069537/吃者先闻.png
5,晶晶,jingjing,a,5/1434297069537/晶晶.png
6,duphilip,duphilip,b,6/1434297069537/duphilip.png
7,滑比ka,huabika,a,7/1434297069537/滑比ka.png
8,西西力,xixili,b,8/1434297069537/西西力.png
9,gessicat33,gessicat33,a,9/1434297069537/gessicat33.png
10,jenniferlin,jenniferlin,b,10/1434297069537/jenniferlin.png
11,FRANKwang,FRANKwan,a,11/1434297069537/FRANKwang.png
12,车车车,checheche,b,12/1434297069537/车车车.png
13,bbbonur,bbbonur,a,13/1434297069537/bbbonur.png
14,lizzlk,lizzlk,b,14/1434297069537/lizzlk.png
15,indianajef,indianajef,a,15/1434297069537/indianajef.png
16,苏苏lovesnyc,susulovesnyc,b,16/1434297069537/苏苏lovesnyc.png
17,smiyurt,smiyurt,a,17/1434297069537/smiyurt.png
18,昨天的昨天,zuotiandezuotian,b,18/1434297069537/昨天的昨天.png
19,gazomilito,gazomilito,a,19/1434297069537/gazomilito.png
20,diil,diil,b,20/1434297069537/diil.png
